gid,FR,num_exc,num_inh,avg_exc,avg_inh,max_exc,max_inh,std_exc,std_inh,skew_exc,skew_inh,comb_stren,fr_mean,fr_std,fr_max
0,0.0,1759,190,4.529549210595388,3.4797861555362792,12.30331126176836,6.3346780679497625,1.4250502337589666,0.9956344027543792,0.9635306224585246,0.531873864658684,1.8337161101891504,0.08631482955626155,0.2918099346807924,4.0895369054057875
1,4.6,1759,190,4.688514585619967,2.230843153771456,12.517127141000831,7.261898238246803,1.4332414421694384,1.0058505391074075,0.9083921704649413,1.3937494050606052,2.597231482548528,0.11218175587048003,0.28795053646707985,4.117414546517342
