Distance,Conductance,Type
111.97003799575621,0.10499526319461236,apic
311.6141913062814,0.08588921060588772,apic
373.22514603407427,0.061814258699160254,apic
210.86125866500356,0.17055353356004843,apic
31.611188481369112,0.1320367330071383,dend
